name,company,email,website
Daniel Smith,Acme Corp,daniel.smith@acmecorp.com,https://www.acmecorp.com
Maria Garcia,TechNova Solutions,maria.garcia@technova.io,https://www.technova.io
James Johnson,BrightPath Media,james.johnson@brightpath.com,https://www.brightpath.com
Sofia Rossi,Lumen Analytics,sofia.rossi@lumenanalytics.com,https://www.lumenanalytics.com
Ahmed Hassan,Vertex Studios,ahmed.hassan@vertexstudios.co,https://www.vertexstudios.co
Emily Chen,Pinecrest Labs,emily.chen@pinecrestlabs.com,https://www.pinecrestlabs.com
Lucas Müller,Northwind Digital,lucas.mueller@northwinddigital.de,https://www.northwinddigital.de
Priya Patel,Zenith Marketing,priya.patel@zenithmkt.com,https://www.zenithmkt.com
Carlos Mendoza,Cobalt Ventures,carlos.mendoza@cobaltventures.mx,https://www.cobaltventures.mx
Hannah Becker,Evergreen Apps,hannah.becker@evergreenapps.io,https://www.evergreenapps.io
